{
	"class_name" : "PinholeCameraParameters",
	"extrinsic" : 
	[
		0.031510967728507477,
		-0.02402131918300986,
		0.99921470922796207,
		0.0,
		-0.99931568649599978,
		0.018617392688065997,
		0.031961717922024853,
		0.0,
		-0.019370535249230943,
		-0.99953807777103032,
		-0.023418229009726437,
		0.0,
		-0.10043103111686164,
		6.968223694189688,
		20.743919953910833,
		1.0
	],
	"intrinsic" : 
	{
		"height" : 1080,
		"intrinsic_matrix" : 
		[
			935.30743608719376,
			0.0,
			0.0,
			0.0,
			935.30743608719376,
			0.0,
			479.5,
			539.5,
			1.0
		],
		"width" : 1080
	},
	"version_major" : 1,
	"version_minor" : 0
}