{
	"class_name" : "PinholeCameraParameters",
	"extrinsic" : 
	[
		0.11573866106412747,
		0.0064661638126402611,
		0.99325865264825719,
		0.0,
		-0.98848365049883868,
		0.098899054826618399,
		0.11453841997727895,
		0.0,
		-0.097491717758859051,
		-0.99507646222787804,
		0.017838141396382682,
		0.0,
		-0.15640823779809609,
		5.4574940817923068,
		13.083820132382659,
		1.0
	],
	"intrinsic" : 
	{
		"height" : 1080,
		"intrinsic_matrix" : 
		[
			935.30743608719376,
			0.0,
			0.0,
			0.0,
			935.30743608719376,
			0.0,
			479.5,
			539.5,
			1.0
		],
		"width" : 960
	},
	"version_major" : 1,
	"version_minor" : 0
}