{
	"class_name" : "PinholeCameraParameters",
	"extrinsic" : 
	[
		-0.0037207823710047353,
		-0.98252480355713379,
		0.1860945087141567,
		0.0,
		-0.99655591755247652,
		0.019059495744451947,
		0.080703400257417082,
		0.0,
		-0.082839959981214795,
		-0.18515330409415579,
		-0.97921182336271251,
		0.0,
		-0.2680036389056184,
		1.5123774591407972,
		66.300072739451238,
		1.0
	],
	"intrinsic" : 
	{
		"height" : 1080,
		"intrinsic_matrix" : 
		[
			935.30743608719376,
			0.0,
			0.0,
			0.0,
			935.30743608719376,
			0.0,
			479.5,
			539.5,
			1.0
		],
		"width" : 1080
	},
	"version_major" : 1,
	"version_minor" : 0
}